TABLE_SCHEMA,TABLE_NAME,ORDINAL_POSITION,COLUMN_NAME,DATA_TYPE,CHARACTER_MAXIMUM_LENGTH,IS_NULLABLE
dbo,AWBuildVersion,1,SystemInformationID,tinyint,,NO
dbo,AWBuildVersion,2,Database Version,nvarchar,25.0,NO
dbo,AWBuildVersion,3,VersionDate,datetime,,NO
dbo,AWBuildVersion,4,ModifiedDate,datetime,,NO
dbo,DatabaseLog,1,DatabaseLogID,int,,NO
dbo,DatabaseLog,2,PostTime,datetime,,NO
dbo,DatabaseLog,3,DatabaseUser,nvarchar,128.0,NO
dbo,DatabaseLog,4,Event,nvarchar,128.0,NO
dbo,DatabaseLog,5,Schema,nvarchar,128.0,YES
dbo,DatabaseLog,6,Object,nvarchar,128.0,YES
dbo,DatabaseLog,7,TSQL,nvarchar,-1.0,NO
dbo,DatabaseLog,8,XmlEvent,xml,-1.0,NO
dbo,ErrorLog,1,ErrorLogID,int,,NO
dbo,ErrorLog,2,ErrorTime,datetime,,NO
dbo,ErrorLog,3,UserName,nvarchar,128.0,NO
dbo,ErrorLog,4,ErrorNumber,int,,NO
dbo,ErrorLog,5,ErrorSeverity,int,,YES
dbo,ErrorLog,6,ErrorState,int,,YES
dbo,ErrorLog,7,ErrorProcedure,nvarchar,126.0,YES
dbo,ErrorLog,8,ErrorLine,int,,YES
dbo,ErrorLog,9,ErrorMessage,nvarchar,4000.0,NO
HumanResources,Department,1,DepartmentID,smallint,,NO
HumanResources,Department,2,Name,nvarchar,50.0,NO
HumanResources,Department,3,GroupName,nvarchar,50.0,NO
HumanResources,Department,4,ModifiedDate,datetime,,NO
HumanResources,Employee,1,BusinessEntityID,int,,NO
HumanResources,Employee,2,NationalIDNumber,nvarchar,15.0,NO
HumanResources,Employee,3,LoginID,nvarchar,256.0,NO
HumanResources,Employee,4,OrganizationNode,hierarchyid,892.0,YES
HumanResources,Employee,5,OrganizationLevel,smallint,,YES
HumanResources,Employee,6,JobTitle,nvarchar,50.0,NO
HumanResources,Employee,7,BirthDate,date,,NO
HumanResources,Employee,8,MaritalStatus,nchar,1.0,NO
HumanResources,Employee,9,Gender,nchar,1.0,NO
HumanResources,Employee,10,HireDate,date,,NO
HumanResources,Employee,11,SalariedFlag,bit,,NO
HumanResources,Employee,12,VacationHours,smallint,,NO
HumanResources,Employee,13,SickLeaveHours,smallint,,NO
HumanResources,Employee,14,CurrentFlag,bit,,NO
HumanResources,Employee,15,rowguid,uniqueidentifier,,NO
HumanResources,Employee,16,ModifiedDate,datetime,,NO
HumanResources,EmployeeDepartmentHistory,1,BusinessEntityID,int,,NO
HumanResources,EmployeeDepartmentHistory,2,DepartmentID,smallint,,NO
HumanResources,EmployeeDepartmentHistory,3,ShiftID,tinyint,,NO
HumanResources,EmployeeDepartmentHistory,4,StartDate,date,,NO
HumanResources,EmployeeDepartmentHistory,5,EndDate,date,,YES
HumanResources,EmployeeDepartmentHistory,6,ModifiedDate,datetime,,NO
HumanResources,EmployeePayHistory,1,BusinessEntityID,int,,NO
HumanResources,EmployeePayHistory,2,RateChangeDate,datetime,,NO
HumanResources,EmployeePayHistory,3,Rate,money,,NO
HumanResources,EmployeePayHistory,4,PayFrequency,tinyint,,NO
HumanResources,EmployeePayHistory,5,ModifiedDate,datetime,,NO
HumanResources,JobCandidate,1,JobCandidateID,int,,NO
HumanResources,JobCandidate,2,BusinessEntityID,int,,YES
HumanResources,JobCandidate,3,Resume,xml,-1.0,YES
HumanResources,JobCandidate,4,ModifiedDate,datetime,,NO
HumanResources,Shift,1,ShiftID,tinyint,,NO
HumanResources,Shift,2,Name,nvarchar,50.0,NO
HumanResources,Shift,3,StartTime,time,,NO
HumanResources,Shift,4,EndTime,time,,NO
HumanResources,Shift,5,ModifiedDate,datetime,,NO
HumanResources,vEmployee,1,BusinessEntityID,int,,NO
HumanResources,vEmployee,2,Title,nvarchar,8.0,YES
HumanResources,vEmployee,3,FirstName,nvarchar,50.0,NO
HumanResources,vEmployee,4,MiddleName,nvarchar,50.0,YES
HumanResources,vEmployee,5,LastName,nvarchar,50.0,NO
HumanResources,vEmployee,6,Suffix,nvarchar,10.0,YES
HumanResources,vEmployee,7,JobTitle,nvarchar,50.0,NO
HumanResources,vEmployee,8,PhoneNumber,nvarchar,25.0,YES
HumanResources,vEmployee,9,PhoneNumberType,nvarchar,50.0,YES
HumanResources,vEmployee,10,EmailAddress,nvarchar,50.0,YES
HumanResources,vEmployee,11,EmailPromotion,int,,NO
HumanResources,vEmployee,12,AddressLine1,nvarchar,60.0,NO
HumanResources,vEmployee,13,AddressLine2,nvarchar,60.0,YES
HumanResources,vEmployee,14,City,nvarchar,30.0,NO
HumanResources,vEmployee,15,StateProvinceName,nvarchar,50.0,NO
HumanResources,vEmployee,16,PostalCode,nvarchar,15.0,NO
HumanResources,vEmployee,17,CountryRegionName,nvarchar,50.0,NO
HumanResources,vEmployee,18,AdditionalContactInfo,xml,-1.0,YES
HumanResources,vEmployeeDepartment,1,BusinessEntityID,int,,NO
HumanResources,vEmployeeDepartment,2,Title,nvarchar,8.0,YES
HumanResources,vEmployeeDepartment,3,FirstName,nvarchar,50.0,NO
HumanResources,vEmployeeDepartment,4,MiddleName,nvarchar,50.0,YES
HumanResources,vEmployeeDepartment,5,LastName,nvarchar,50.0,NO
HumanResources,vEmployeeDepartment,6,Suffix,nvarchar,10.0,YES
HumanResources,vEmployeeDepartment,7,JobTitle,nvarchar,50.0,NO
HumanResources,vEmployeeDepartment,8,Department,nvarchar,50.0,NO
HumanResources,vEmployeeDepartment,9,GroupName,nvarchar,50.0,NO
HumanResources,vEmployeeDepartment,10,StartDate,date,,NO
HumanResources,vEmployeeDepartmentHistory,1,BusinessEntityID,int,,NO
HumanResources,vEmployeeDepartmentHistory,2,Title,nvarchar,8.0,YES
HumanResources,vEmployeeDepartmentHistory,3,FirstName,nvarchar,50.0,NO
HumanResources,vEmployeeDepartmentHistory,4,MiddleName,nvarchar,50.0,YES
HumanResources,vEmployeeDepartmentHistory,5,LastName,nvarchar,50.0,NO
HumanResources,vEmployeeDepartmentHistory,6,Suffix,nvarchar,10.0,YES
HumanResources,vEmployeeDepartmentHistory,7,Shift,nvarchar,50.0,NO
HumanResources,vEmployeeDepartmentHistory,8,Department,nvarchar,50.0,NO
HumanResources,vEmployeeDepartmentHistory,9,GroupName,nvarchar,50.0,NO
HumanResources,vEmployeeDepartmentHistory,10,StartDate,date,,NO
HumanResources,vEmployeeDepartmentHistory,11,EndDate,date,,YES
HumanResources,vJobCandidate,1,JobCandidateID,int,,NO
HumanResources,vJobCandidate,2,BusinessEntityID,int,,YES
HumanResources,vJobCandidate,3,Name.Prefix,nvarchar,30.0,YES
HumanResources,vJobCandidate,4,Name.First,nvarchar,30.0,YES
HumanResources,vJobCandidate,5,Name.Middle,nvarchar,30.0,YES
HumanResources,vJobCandidate,6,Name.Last,nvarchar,30.0,YES
HumanResources,vJobCandidate,7,Name.Suffix,nvarchar,30.0,YES
HumanResources,vJobCandidate,8,Skills,nvarchar,-1.0,YES
HumanResources,vJobCandidate,9,Addr.Type,nvarchar,30.0,YES
HumanResources,vJobCandidate,10,Addr.Loc.CountryRegion,nvarchar,100.0,YES
HumanResources,vJobCandidate,11,Addr.Loc.State,nvarchar,100.0,YES
HumanResources,vJobCandidate,12,Addr.Loc.City,nvarchar,100.0,YES
HumanResources,vJobCandidate,13,Addr.PostalCode,nvarchar,20.0,YES
HumanResources,vJobCandidate,14,EMail,nvarchar,-1.0,YES
HumanResources,vJobCandidate,15,WebSite,nvarchar,-1.0,YES
HumanResources,vJobCandidate,16,ModifiedDate,datetime,,NO
HumanResources,vJobCandidateEducation,1,JobCandidateID,int,,NO
HumanResources,vJobCandidateEducation,2,Edu.Level,nvarchar,-1.0,YES
HumanResources,vJobCandidateEducation,3,Edu.StartDate,datetime,,YES
HumanResources,vJobCandidateEducation,4,Edu.EndDate,datetime,,YES
HumanResources,vJobCandidateEducation,5,Edu.Degree,nvarchar,50.0,YES
HumanResources,vJobCandidateEducation,6,Edu.Major,nvarchar,50.0,YES
HumanResources,vJobCandidateEducation,7,Edu.Minor,nvarchar,50.0,YES
HumanResources,vJobCandidateEducation,8,Edu.GPA,nvarchar,5.0,YES
HumanResources,vJobCandidateEducation,9,Edu.GPAScale,nvarchar,5.0,YES
HumanResources,vJobCandidateEducation,10,Edu.School,nvarchar,100.0,YES
HumanResources,vJobCandidateEducation,11,Edu.Loc.CountryRegion,nvarchar,100.0,YES
HumanResources,vJobCandidateEducation,12,Edu.Loc.State,nvarchar,100.0,YES
HumanResources,vJobCandidateEducation,13,Edu.Loc.City,nvarchar,100.0,YES
HumanResources,vJobCandidateEmployment,1,JobCandidateID,int,,NO
HumanResources,vJobCandidateEmployment,2,Emp.StartDate,datetime,,YES
HumanResources,vJobCandidateEmployment,3,Emp.EndDate,datetime,,YES
HumanResources,vJobCandidateEmployment,4,Emp.OrgName,nvarchar,100.0,YES
HumanResources,vJobCandidateEmployment,5,Emp.JobTitle,nvarchar,100.0,YES
HumanResources,vJobCandidateEmployment,6,Emp.Responsibility,nvarchar,-1.0,YES
HumanResources,vJobCandidateEmployment,7,Emp.FunctionCategory,nvarchar,-1.0,YES
HumanResources,vJobCandidateEmployment,8,Emp.IndustryCategory,nvarchar,-1.0,YES
HumanResources,vJobCandidateEmployment,9,Emp.Loc.CountryRegion,nvarchar,-1.0,YES
HumanResources,vJobCandidateEmployment,10,Emp.Loc.State,nvarchar,-1.0,YES
HumanResources,vJobCandidateEmployment,11,Emp.Loc.City,nvarchar,-1.0,YES
Person,Address,1,AddressID,int,,NO
Person,Address,2,AddressLine1,nvarchar,60.0,NO
Person,Address,3,AddressLine2,nvarchar,60.0,YES
Person,Address,4,City,nvarchar,30.0,NO
Person,Address,5,StateProvinceID,int,,NO
Person,Address,6,PostalCode,nvarchar,15.0,NO
Person,Address,7,SpatialLocation,geography,-1.0,YES
Person,Address,8,rowguid,uniqueidentifier,,NO
Person,Address,9,ModifiedDate,datetime,,NO
Person,AddressType,1,AddressTypeID,int,,NO
Person,AddressType,2,Name,nvarchar,50.0,NO
Person,AddressType,3,rowguid,uniqueidentifier,,NO
Person,AddressType,4,ModifiedDate,datetime,,NO
Person,BusinessEntity,1,BusinessEntityID,int,,NO
Person,BusinessEntity,2,rowguid,uniqueidentifier,,NO
Person,BusinessEntity,3,ModifiedDate,datetime,,NO
Person,BusinessEntityAddress,1,BusinessEntityID,int,,NO
Person,BusinessEntityAddress,2,AddressID,int,,NO
Person,BusinessEntityAddress,3,AddressTypeID,int,,NO
Person,BusinessEntityAddress,4,rowguid,uniqueidentifier,,NO
Person,BusinessEntityAddress,5,ModifiedDate,datetime,,NO
Person,BusinessEntityContact,1,BusinessEntityID,int,,NO
Person,BusinessEntityContact,2,PersonID,int,,NO
Person,BusinessEntityContact,3,ContactTypeID,int,,NO
Person,BusinessEntityContact,4,rowguid,uniqueidentifier,,NO
Person,BusinessEntityContact,5,ModifiedDate,datetime,,NO
Person,ContactType,1,ContactTypeID,int,,NO
Person,ContactType,2,Name,nvarchar,50.0,NO
Person,ContactType,3,ModifiedDate,datetime,,NO
Person,CountryRegion,1,CountryRegionCode,nvarchar,3.0,NO
Person,CountryRegion,2,Name,nvarchar,50.0,NO
Person,CountryRegion,3,ModifiedDate,datetime,,NO
Person,EmailAddress,1,BusinessEntityID,int,,NO
Person,EmailAddress,2,EmailAddressID,int,,NO
Person,EmailAddress,3,EmailAddress,nvarchar,50.0,YES
Person,EmailAddress,4,rowguid,uniqueidentifier,,NO
Person,EmailAddress,5,ModifiedDate,datetime,,NO
Person,Password,1,BusinessEntityID,int,,NO
Person,Password,2,PasswordHash,varchar,128.0,NO
Person,Password,3,PasswordSalt,varchar,10.0,NO
Person,Password,4,rowguid,uniqueidentifier,,NO
Person,Password,5,ModifiedDate,datetime,,NO
Person,Person,1,BusinessEntityID,int,,NO
Person,Person,2,PersonType,nchar,2.0,NO
Person,Person,3,NameStyle,bit,,NO
Person,Person,4,Title,nvarchar,8.0,YES
Person,Person,5,FirstName,nvarchar,50.0,NO
Person,Person,6,MiddleName,nvarchar,50.0,YES
Person,Person,7,LastName,nvarchar,50.0,NO
Person,Person,8,Suffix,nvarchar,10.0,YES
Person,Person,9,EmailPromotion,int,,NO
Person,Person,10,AdditionalContactInfo,xml,-1.0,YES
Person,Person,11,Demographics,xml,-1.0,YES
Person,Person,12,rowguid,uniqueidentifier,,NO
Person,Person,13,ModifiedDate,datetime,,NO
Person,PersonPhone,1,BusinessEntityID,int,,NO
Person,PersonPhone,2,PhoneNumber,nvarchar,25.0,NO
Person,PersonPhone,3,PhoneNumberTypeID,int,,NO
Person,PersonPhone,4,ModifiedDate,datetime,,NO
Person,PhoneNumberType,1,PhoneNumberTypeID,int,,NO
Person,PhoneNumberType,2,Name,nvarchar,50.0,NO
Person,PhoneNumberType,3,ModifiedDate,datetime,,NO
Person,StateProvince,1,StateProvinceID,int,,NO
Person,StateProvince,2,StateProvinceCode,nchar,3.0,NO
Person,StateProvince,3,CountryRegionCode,nvarchar,3.0,NO
Person,StateProvince,4,IsOnlyStateProvinceFlag,bit,,NO
Person,StateProvince,5,Name,nvarchar,50.0,NO
Person,StateProvince,6,TerritoryID,int,,NO
Person,StateProvince,7,rowguid,uniqueidentifier,,NO
Person,StateProvince,8,ModifiedDate,datetime,,NO
Person,vAdditionalContactInfo,1,BusinessEntityID,int,,NO
Person,vAdditionalContactInfo,2,FirstName,nvarchar,50.0,NO
Person,vAdditionalContactInfo,3,MiddleName,nvarchar,50.0,YES
Person,vAdditionalContactInfo,4,LastName,nvarchar,50.0,NO
Person,vAdditionalContactInfo,5,TelephoneNumber,nvarchar,50.0,YES
Person,vAdditionalContactInfo,6,TelephoneSpecialInstructions,nvarchar,-1.0,YES
Person,vAdditionalContactInfo,7,Street,nvarchar,50.0,YES
Person,vAdditionalContactInfo,8,City,nvarchar,50.0,YES
Person,vAdditionalContactInfo,9,StateProvince,nvarchar,50.0,YES
Person,vAdditionalContactInfo,10,PostalCode,nvarchar,50.0,YES
Person,vAdditionalContactInfo,11,CountryRegion,nvarchar,50.0,YES
Person,vAdditionalContactInfo,12,HomeAddressSpecialInstructions,nvarchar,-1.0,YES
Person,vAdditionalContactInfo,13,EMailAddress,nvarchar,128.0,YES
Person,vAdditionalContactInfo,14,EMailSpecialInstructions,nvarchar,-1.0,YES
Person,vAdditionalContactInfo,15,EMailTelephoneNumber,nvarchar,50.0,YES
Person,vAdditionalContactInfo,16,rowguid,uniqueidentifier,,NO
Person,vAdditionalContactInfo,17,ModifiedDate,datetime,,NO
Person,vStateProvinceCountryRegion,1,StateProvinceID,int,,NO
Person,vStateProvinceCountryRegion,2,StateProvinceCode,nchar,3.0,NO
Person,vStateProvinceCountryRegion,3,IsOnlyStateProvinceFlag,bit,,NO
Person,vStateProvinceCountryRegion,4,StateProvinceName,nvarchar,50.0,NO
Person,vStateProvinceCountryRegion,5,TerritoryID,int,,NO
Person,vStateProvinceCountryRegion,6,CountryRegionCode,nvarchar,3.0,NO
Person,vStateProvinceCountryRegion,7,CountryRegionName,nvarchar,50.0,NO
Production,BillOfMaterials,1,BillOfMaterialsID,int,,NO
Production,BillOfMaterials,2,ProductAssemblyID,int,,YES
Production,BillOfMaterials,3,ComponentID,int,,NO
Production,BillOfMaterials,4,StartDate,datetime,,NO
Production,BillOfMaterials,5,EndDate,datetime,,YES
Production,BillOfMaterials,6,UnitMeasureCode,nchar,3.0,NO
Production,BillOfMaterials,7,BOMLevel,smallint,,NO
Production,BillOfMaterials,8,PerAssemblyQty,decimal,,NO
Production,BillOfMaterials,9,ModifiedDate,datetime,,NO
Production,Culture,1,CultureID,nchar,6.0,NO
Production,Culture,2,Name,nvarchar,50.0,NO
Production,Culture,3,ModifiedDate,datetime,,NO
Production,Document,1,DocumentNode,hierarchyid,892.0,NO
Production,Document,2,DocumentLevel,smallint,,YES
Production,Document,3,Title,nvarchar,50.0,NO
Production,Document,4,Owner,int,,NO
Production,Document,5,FolderFlag,bit,,NO
Production,Document,6,FileName,nvarchar,400.0,NO
Production,Document,7,FileExtension,nvarchar,8.0,NO
Production,Document,8,Revision,nchar,5.0,NO
Production,Document,9,ChangeNumber,int,,NO
Production,Document,10,Status,tinyint,,NO
Production,Document,11,DocumentSummary,nvarchar,-1.0,YES
Production,Document,12,Document,varbinary,-1.0,YES
Production,Document,13,rowguid,uniqueidentifier,,NO
Production,Document,14,ModifiedDate,datetime,,NO
Production,Illustration,1,IllustrationID,int,,NO
Production,Illustration,2,Diagram,xml,-1.0,YES
Production,Illustration,3,ModifiedDate,datetime,,NO
Production,Location,1,LocationID,smallint,,NO
Production,Location,2,Name,nvarchar,50.0,NO
Production,Location,3,CostRate,smallmoney,,NO
Production,Location,4,Availability,decimal,,NO
Production,Location,5,ModifiedDate,datetime,,NO
Production,Product,1,ProductID,int,,NO
Production,Product,2,Name,nvarchar,50.0,NO
Production,Product,3,ProductNumber,nvarchar,25.0,NO
Production,Product,4,MakeFlag,bit,,NO
Production,Product,5,FinishedGoodsFlag,bit,,NO
Production,Product,6,Color,nvarchar,15.0,YES
Production,Product,7,SafetyStockLevel,smallint,,NO
Production,Product,8,ReorderPoint,smallint,,NO
Production,Product,9,StandardCost,money,,NO
Production,Product,10,ListPrice,money,,NO
Production,Product,11,Size,nvarchar,5.0,YES
Production,Product,12,SizeUnitMeasureCode,nchar,3.0,YES
Production,Product,13,WeightUnitMeasureCode,nchar,3.0,YES
Production,Product,14,Weight,decimal,,YES
Production,Product,15,DaysToManufacture,int,,NO
Production,Product,16,ProductLine,nchar,2.0,YES
Production,Product,17,Class,nchar,2.0,YES
Production,Product,18,Style,nchar,2.0,YES
Production,Product,19,ProductSubcategoryID,int,,YES
Production,Product,20,ProductModelID,int,,YES
Production,Product,21,SellStartDate,datetime,,NO
Production,Product,22,SellEndDate,datetime,,YES
Production,Product,23,DiscontinuedDate,datetime,,YES
Production,Product,24,rowguid,uniqueidentifier,,NO
Production,Product,25,ModifiedDate,datetime,,NO
Production,ProductCategory,1,ProductCategoryID,int,,NO
Production,ProductCategory,2,Name,nvarchar,50.0,NO
Production,ProductCategory,3,rowguid,uniqueidentifier,,NO
Production,ProductCategory,4,ModifiedDate,datetime,,NO
Production,ProductCostHistory,1,ProductID,int,,NO
Production,ProductCostHistory,2,StartDate,datetime,,NO
Production,ProductCostHistory,3,EndDate,datetime,,YES
Production,ProductCostHistory,4,StandardCost,money,,NO
Production,ProductCostHistory,5,ModifiedDate,datetime,,NO
Production,ProductDescription,1,ProductDescriptionID,int,,NO
Production,ProductDescription,2,Description,nvarchar,400.0,NO
Production,ProductDescription,3,rowguid,uniqueidentifier,,NO
Production,ProductDescription,4,ModifiedDate,datetime,,NO
Production,ProductDocument,1,ProductID,int,,NO
Production,ProductDocument,2,DocumentNode,hierarchyid,892.0,NO
Production,ProductDocument,3,ModifiedDate,datetime,,NO
Production,ProductInventory,1,ProductID,int,,NO
Production,ProductInventory,2,LocationID,smallint,,NO
Production,ProductInventory,3,Shelf,nvarchar,10.0,NO
Production,ProductInventory,4,Bin,tinyint,,NO
Production,ProductInventory,5,Quantity,smallint,,NO
Production,ProductInventory,6,rowguid,uniqueidentifier,,NO
Production,ProductInventory,7,ModifiedDate,datetime,,NO
Production,ProductListPriceHistory,1,ProductID,int,,NO
Production,ProductListPriceHistory,2,StartDate,datetime,,NO
Production,ProductListPriceHistory,3,EndDate,datetime,,YES
Production,ProductListPriceHistory,4,ListPrice,money,,NO
Production,ProductListPriceHistory,5,ModifiedDate,datetime,,NO
Production,ProductModel,1,ProductModelID,int,,NO
Production,ProductModel,2,Name,nvarchar,50.0,NO
Production,ProductModel,3,CatalogDescription,xml,-1.0,YES
Production,ProductModel,4,Instructions,xml,-1.0,YES
Production,ProductModel,5,rowguid,uniqueidentifier,,NO
Production,ProductModel,6,ModifiedDate,datetime,,NO
Production,ProductModelIllustration,1,ProductModelID,int,,NO
Production,ProductModelIllustration,2,IllustrationID,int,,NO
Production,ProductModelIllustration,3,ModifiedDate,datetime,,NO
Production,ProductModelProductDescriptionCulture,1,ProductModelID,int,,NO
Production,ProductModelProductDescriptionCulture,2,ProductDescriptionID,int,,NO
Production,ProductModelProductDescriptionCulture,3,CultureID,nchar,6.0,NO
Production,ProductModelProductDescriptionCulture,4,ModifiedDate,datetime,,NO
Production,ProductPhoto,1,ProductPhotoID,int,,NO
Production,ProductPhoto,2,ThumbNailPhoto,varbinary,-1.0,YES
Production,ProductPhoto,3,ThumbnailPhotoFileName,nvarchar,50.0,YES
Production,ProductPhoto,4,LargePhoto,varbinary,-1.0,YES
Production,ProductPhoto,5,LargePhotoFileName,nvarchar,50.0,YES
Production,ProductPhoto,6,ModifiedDate,datetime,,NO
Production,ProductProductPhoto,1,ProductID,int,,NO
Production,ProductProductPhoto,2,ProductPhotoID,int,,NO
Production,ProductProductPhoto,3,Primary,bit,,NO
Production,ProductProductPhoto,4,ModifiedDate,datetime,,NO
Production,ProductReview,1,ProductReviewID,int,,NO
Production,ProductReview,2,ProductID,int,,NO
Production,ProductReview,3,ReviewerName,nvarchar,50.0,NO
Production,ProductReview,4,ReviewDate,datetime,,NO
Production,ProductReview,5,EmailAddress,nvarchar,50.0,NO
Production,ProductReview,6,Rating,int,,NO
Production,ProductReview,7,Comments,nvarchar,3850.0,YES
Production,ProductReview,8,ModifiedDate,datetime,,NO
Production,ProductSubcategory,1,ProductSubcategoryID,int,,NO
Production,ProductSubcategory,2,ProductCategoryID,int,,NO
Production,ProductSubcategory,3,Name,nvarchar,50.0,NO
Production,ProductSubcategory,4,rowguid,uniqueidentifier,,NO
Production,ProductSubcategory,5,ModifiedDate,datetime,,NO
Production,ScrapReason,1,ScrapReasonID,smallint,,NO
Production,ScrapReason,2,Name,nvarchar,50.0,NO
Production,ScrapReason,3,ModifiedDate,datetime,,NO
Production,TransactionHistory,1,TransactionID,int,,NO
Production,TransactionHistory,2,ProductID,int,,NO
Production,TransactionHistory,3,ReferenceOrderID,int,,NO
Production,TransactionHistory,4,ReferenceOrderLineID,int,,NO
Production,TransactionHistory,5,TransactionDate,datetime,,NO
Production,TransactionHistory,6,TransactionType,nchar,1.0,NO
Production,TransactionHistory,7,Quantity,int,,NO
Production,TransactionHistory,8,ActualCost,money,,NO
Production,TransactionHistory,9,ModifiedDate,datetime,,NO
Production,TransactionHistoryArchive,1,TransactionID,int,,NO
Production,TransactionHistoryArchive,2,ProductID,int,,NO
Production,TransactionHistoryArchive,3,ReferenceOrderID,int,,NO
Production,TransactionHistoryArchive,4,ReferenceOrderLineID,int,,NO
Production,TransactionHistoryArchive,5,TransactionDate,datetime,,NO
Production,TransactionHistoryArchive,6,TransactionType,nchar,1.0,NO
Production,TransactionHistoryArchive,7,Quantity,int,,NO
Production,TransactionHistoryArchive,8,ActualCost,money,,NO
Production,TransactionHistoryArchive,9,ModifiedDate,datetime,,NO
Production,UnitMeasure,1,UnitMeasureCode,nchar,3.0,NO
Production,UnitMeasure,2,Name,nvarchar,50.0,NO
Production,UnitMeasure,3,ModifiedDate,datetime,,NO
Production,vProductAndDescription,1,ProductID,int,,NO
Production,vProductAndDescription,2,Name,nvarchar,50.0,NO
Production,vProductAndDescription,3,ProductModel,nvarchar,50.0,NO
Production,vProductAndDescription,4,CultureID,nchar,6.0,NO
Production,vProductAndDescription,5,Description,nvarchar,400.0,NO
Production,vProductModelCatalogDescription,1,ProductModelID,int,,NO
Production,vProductModelCatalogDescription,2,Name,nvarchar,50.0,NO
Production,vProductModelCatalogDescription,3,Summary,nvarchar,-1.0,YES
Production,vProductModelCatalogDescription,4,Manufacturer,nvarchar,-1.0,YES
Production,vProductModelCatalogDescription,5,Copyright,nvarchar,30.0,YES
Production,vProductModelCatalogDescription,6,ProductURL,nvarchar,256.0,YES
Production,vProductModelCatalogDescription,7,WarrantyPeriod,nvarchar,256.0,YES
Production,vProductModelCatalogDescription,8,WarrantyDescription,nvarchar,256.0,YES
Production,vProductModelCatalogDescription,9,NoOfYears,nvarchar,256.0,YES
Production,vProductModelCatalogDescription,10,MaintenanceDescription,nvarchar,256.0,YES
Production,vProductModelCatalogDescription,11,Wheel,nvarchar,256.0,YES
Production,vProductModelCatalogDescription,12,Saddle,nvarchar,256.0,YES
Production,vProductModelCatalogDescription,13,Pedal,nvarchar,256.0,YES
Production,vProductModelCatalogDescription,14,BikeFrame,nvarchar,-1.0,YES
Production,vProductModelCatalogDescription,15,Crankset,nvarchar,256.0,YES
Production,vProductModelCatalogDescription,16,PictureAngle,nvarchar,256.0,YES
Production,vProductModelCatalogDescription,17,PictureSize,nvarchar,256.0,YES
Production,vProductModelCatalogDescription,18,ProductPhotoID,nvarchar,256.0,YES
Production,vProductModelCatalogDescription,19,Material,nvarchar,256.0,YES
Production,vProductModelCatalogDescription,20,Color,nvarchar,256.0,YES
Production,vProductModelCatalogDescription,21,ProductLine,nvarchar,256.0,YES
Production,vProductModelCatalogDescription,22,Style,nvarchar,256.0,YES
Production,vProductModelCatalogDescription,23,RiderExperience,nvarchar,1024.0,YES
Production,vProductModelCatalogDescription,24,rowguid,uniqueidentifier,,NO
Production,vProductModelCatalogDescription,25,ModifiedDate,datetime,,NO
Production,vProductModelInstructions,1,ProductModelID,int,,NO
Production,vProductModelInstructions,2,Name,nvarchar,50.0,NO
Production,vProductModelInstructions,3,Instructions,nvarchar,-1.0,YES
Production,vProductModelInstructions,4,LocationID,int,,YES
Production,vProductModelInstructions,5,SetupHours,decimal,,YES
Production,vProductModelInstructions,6,MachineHours,decimal,,YES
Production,vProductModelInstructions,7,LaborHours,decimal,,YES
Production,vProductModelInstructions,8,LotSize,int,,YES
Production,vProductModelInstructions,9,Step,nvarchar,1024.0,YES
Production,vProductModelInstructions,10,rowguid,uniqueidentifier,,NO
Production,vProductModelInstructions,11,ModifiedDate,datetime,,NO
Production,WorkOrder,1,WorkOrderID,int,,NO
Production,WorkOrder,2,ProductID,int,,NO
Production,WorkOrder,3,OrderQty,int,,NO
Production,WorkOrder,4,StockedQty,int,,NO
Production,WorkOrder,5,ScrappedQty,smallint,,NO
Production,WorkOrder,6,StartDate,datetime,,NO
Production,WorkOrder,7,EndDate,datetime,,YES
Production,WorkOrder,8,DueDate,datetime,,NO
Production,WorkOrder,9,ScrapReasonID,smallint,,YES
Production,WorkOrder,10,ModifiedDate,datetime,,NO
Production,WorkOrderRouting,1,WorkOrderID,int,,NO
Production,WorkOrderRouting,2,ProductID,int,,NO
Production,WorkOrderRouting,3,OperationSequence,smallint,,NO
Production,WorkOrderRouting,4,LocationID,smallint,,NO
Production,WorkOrderRouting,5,ScheduledStartDate,datetime,,NO
Production,WorkOrderRouting,6,ScheduledEndDate,datetime,,NO
Production,WorkOrderRouting,7,ActualStartDate,datetime,,YES
Production,WorkOrderRouting,8,ActualEndDate,datetime,,YES
Production,WorkOrderRouting,9,ActualResourceHrs,decimal,,YES
Production,WorkOrderRouting,10,PlannedCost,money,,NO
Production,WorkOrderRouting,11,ActualCost,money,,YES
Production,WorkOrderRouting,12,ModifiedDate,datetime,,NO
Purchasing,ProductVendor,1,ProductID,int,,NO
Purchasing,ProductVendor,2,BusinessEntityID,int,,NO
Purchasing,ProductVendor,3,AverageLeadTime,int,,NO
Purchasing,ProductVendor,4,StandardPrice,money,,NO
Purchasing,ProductVendor,5,LastReceiptCost,money,,YES
Purchasing,ProductVendor,6,LastReceiptDate,datetime,,YES
Purchasing,ProductVendor,7,MinOrderQty,int,,NO
Purchasing,ProductVendor,8,MaxOrderQty,int,,NO
Purchasing,ProductVendor,9,OnOrderQty,int,,YES
Purchasing,ProductVendor,10,UnitMeasureCode,nchar,3.0,NO
Purchasing,ProductVendor,11,ModifiedDate,datetime,,NO
Purchasing,PurchaseOrderDetail,1,PurchaseOrderID,int,,NO
Purchasing,PurchaseOrderDetail,2,PurchaseOrderDetailID,int,,NO
Purchasing,PurchaseOrderDetail,3,DueDate,datetime,,NO
Purchasing,PurchaseOrderDetail,4,OrderQty,smallint,,NO
Purchasing,PurchaseOrderDetail,5,ProductID,int,,NO
Purchasing,PurchaseOrderDetail,6,UnitPrice,money,,NO
Purchasing,PurchaseOrderDetail,7,LineTotal,money,,NO
Purchasing,PurchaseOrderDetail,8,ReceivedQty,decimal,,NO
Purchasing,PurchaseOrderDetail,9,RejectedQty,decimal,,NO
Purchasing,PurchaseOrderDetail,10,StockedQty,decimal,,NO
Purchasing,PurchaseOrderDetail,11,ModifiedDate,datetime,,NO
Purchasing,PurchaseOrderHeader,1,PurchaseOrderID,int,,NO
Purchasing,PurchaseOrderHeader,2,RevisionNumber,tinyint,,NO
Purchasing,PurchaseOrderHeader,3,Status,tinyint,,NO
Purchasing,PurchaseOrderHeader,4,EmployeeID,int,,NO
Purchasing,PurchaseOrderHeader,5,VendorID,int,,NO
Purchasing,PurchaseOrderHeader,6,ShipMethodID,int,,NO
Purchasing,PurchaseOrderHeader,7,OrderDate,datetime,,NO
Purchasing,PurchaseOrderHeader,8,ShipDate,datetime,,YES
Purchasing,PurchaseOrderHeader,9,SubTotal,money,,NO
Purchasing,PurchaseOrderHeader,10,TaxAmt,money,,NO
Purchasing,PurchaseOrderHeader,11,Freight,money,,NO
Purchasing,PurchaseOrderHeader,12,TotalDue,money,,NO
Purchasing,PurchaseOrderHeader,13,ModifiedDate,datetime,,NO
Purchasing,ShipMethod,1,ShipMethodID,int,,NO
Purchasing,ShipMethod,2,Name,nvarchar,50.0,NO
Purchasing,ShipMethod,3,ShipBase,money,,NO
Purchasing,ShipMethod,4,ShipRate,money,,NO
Purchasing,ShipMethod,5,rowguid,uniqueidentifier,,NO
Purchasing,ShipMethod,6,ModifiedDate,datetime,,NO
Purchasing,Vendor,1,BusinessEntityID,int,,NO
Purchasing,Vendor,2,AccountNumber,nvarchar,15.0,NO
Purchasing,Vendor,3,Name,nvarchar,50.0,NO
Purchasing,Vendor,4,CreditRating,tinyint,,NO
Purchasing,Vendor,5,PreferredVendorStatus,bit,,NO
Purchasing,Vendor,6,ActiveFlag,bit,,NO
Purchasing,Vendor,7,PurchasingWebServiceURL,nvarchar,1024.0,YES
Purchasing,Vendor,8,ModifiedDate,datetime,,NO
Purchasing,vVendorWithAddresses,1,BusinessEntityID,int,,NO
Purchasing,vVendorWithAddresses,2,Name,nvarchar,50.0,NO
Purchasing,vVendorWithAddresses,3,AddressType,nvarchar,50.0,NO
Purchasing,vVendorWithAddresses,4,AddressLine1,nvarchar,60.0,NO
Purchasing,vVendorWithAddresses,5,AddressLine2,nvarchar,60.0,YES
Purchasing,vVendorWithAddresses,6,City,nvarchar,30.0,NO
Purchasing,vVendorWithAddresses,7,StateProvinceName,nvarchar,50.0,NO
Purchasing,vVendorWithAddresses,8,PostalCode,nvarchar,15.0,NO
Purchasing,vVendorWithAddresses,9,CountryRegionName,nvarchar,50.0,NO
Purchasing,vVendorWithContacts,1,BusinessEntityID,int,,NO
Purchasing,vVendorWithContacts,2,Name,nvarchar,50.0,NO
Purchasing,vVendorWithContacts,3,ContactType,nvarchar,50.0,NO
Purchasing,vVendorWithContacts,4,Title,nvarchar,8.0,YES
Purchasing,vVendorWithContacts,5,FirstName,nvarchar,50.0,NO
Purchasing,vVendorWithContacts,6,MiddleName,nvarchar,50.0,YES
Purchasing,vVendorWithContacts,7,LastName,nvarchar,50.0,NO
Purchasing,vVendorWithContacts,8,Suffix,nvarchar,10.0,YES
Purchasing,vVendorWithContacts,9,PhoneNumber,nvarchar,25.0,YES
Purchasing,vVendorWithContacts,10,PhoneNumberType,nvarchar,50.0,YES
Purchasing,vVendorWithContacts,11,EmailAddress,nvarchar,50.0,YES
Purchasing,vVendorWithContacts,12,EmailPromotion,int,,NO
Sales,CountryRegionCurrency,1,CountryRegionCode,nvarchar,3.0,NO
Sales,CountryRegionCurrency,2,CurrencyCode,nchar,3.0,NO
Sales,CountryRegionCurrency,3,ModifiedDate,datetime,,NO
Sales,CreditCard,1,CreditCardID,int,,NO
Sales,CreditCard,2,CardType,nvarchar,50.0,NO
Sales,CreditCard,3,CardNumber,nvarchar,25.0,NO
Sales,CreditCard,4,ExpMonth,tinyint,,NO
Sales,CreditCard,5,ExpYear,smallint,,NO
Sales,CreditCard,6,ModifiedDate,datetime,,NO
Sales,Currency,1,CurrencyCode,nchar,3.0,NO
Sales,Currency,2,Name,nvarchar,50.0,NO
Sales,Currency,3,ModifiedDate,datetime,,NO
Sales,CurrencyRate,1,CurrencyRateID,int,,NO
Sales,CurrencyRate,2,CurrencyRateDate,datetime,,NO
Sales,CurrencyRate,3,FromCurrencyCode,nchar,3.0,NO
Sales,CurrencyRate,4,ToCurrencyCode,nchar,3.0,NO
Sales,CurrencyRate,5,AverageRate,money,,NO
Sales,CurrencyRate,6,EndOfDayRate,money,,NO
Sales,CurrencyRate,7,ModifiedDate,datetime,,NO
Sales,Customer,1,CustomerID,int,,NO
Sales,Customer,2,PersonID,int,,YES
Sales,Customer,3,StoreID,int,,YES
Sales,Customer,4,TerritoryID,int,,YES
Sales,Customer,5,AccountNumber,varchar,10.0,NO
Sales,Customer,6,rowguid,uniqueidentifier,,NO
Sales,Customer,7,ModifiedDate,datetime,,NO
Sales,PersonCreditCard,1,BusinessEntityID,int,,NO
Sales,PersonCreditCard,2,CreditCardID,int,,NO
Sales,PersonCreditCard,3,ModifiedDate,datetime,,NO
Sales,SalesOrderDetail,1,SalesOrderID,int,,NO
Sales,SalesOrderDetail,2,SalesOrderDetailID,int,,NO
Sales,SalesOrderDetail,3,CarrierTrackingNumber,nvarchar,25.0,YES
Sales,SalesOrderDetail,4,OrderQty,smallint,,NO
Sales,SalesOrderDetail,5,ProductID,int,,NO
Sales,SalesOrderDetail,6,SpecialOfferID,int,,NO
Sales,SalesOrderDetail,7,UnitPrice,money,,NO
Sales,SalesOrderDetail,8,UnitPriceDiscount,money,,NO
Sales,SalesOrderDetail,9,LineTotal,numeric,,NO
Sales,SalesOrderDetail,10,rowguid,uniqueidentifier,,NO
Sales,SalesOrderDetail,11,ModifiedDate,datetime,,NO
Sales,SalesOrderHeader,1,SalesOrderID,int,,NO
Sales,SalesOrderHeader,2,RevisionNumber,tinyint,,NO
Sales,SalesOrderHeader,3,OrderDate,datetime,,NO
Sales,SalesOrderHeader,4,DueDate,datetime,,NO
Sales,SalesOrderHeader,5,ShipDate,datetime,,YES
Sales,SalesOrderHeader,6,Status,tinyint,,NO
Sales,SalesOrderHeader,7,OnlineOrderFlag,bit,,NO
Sales,SalesOrderHeader,8,SalesOrderNumber,nvarchar,25.0,NO
Sales,SalesOrderHeader,9,PurchaseOrderNumber,nvarchar,25.0,YES
Sales,SalesOrderHeader,10,AccountNumber,nvarchar,15.0,YES
Sales,SalesOrderHeader,11,CustomerID,int,,NO
Sales,SalesOrderHeader,12,SalesPersonID,int,,YES
Sales,SalesOrderHeader,13,TerritoryID,int,,YES
Sales,SalesOrderHeader,14,BillToAddressID,int,,NO
Sales,SalesOrderHeader,15,ShipToAddressID,int,,NO
Sales,SalesOrderHeader,16,ShipMethodID,int,,NO
Sales,SalesOrderHeader,17,CreditCardID,int,,YES
Sales,SalesOrderHeader,18,CreditCardApprovalCode,varchar,15.0,YES
Sales,SalesOrderHeader,19,CurrencyRateID,int,,YES
Sales,SalesOrderHeader,20,SubTotal,money,,NO
Sales,SalesOrderHeader,21,TaxAmt,money,,NO
Sales,SalesOrderHeader,22,Freight,money,,NO
Sales,SalesOrderHeader,23,TotalDue,money,,NO
Sales,SalesOrderHeader,24,Comment,nvarchar,128.0,YES
Sales,SalesOrderHeader,25,rowguid,uniqueidentifier,,NO
Sales,SalesOrderHeader,26,ModifiedDate,datetime,,NO
Sales,SalesOrderHeaderSalesReason,1,SalesOrderID,int,,NO
Sales,SalesOrderHeaderSalesReason,2,SalesReasonID,int,,NO
Sales,SalesOrderHeaderSalesReason,3,ModifiedDate,datetime,,NO
Sales,SalesPerson,1,BusinessEntityID,int,,NO
Sales,SalesPerson,2,TerritoryID,int,,YES
Sales,SalesPerson,3,SalesQuota,money,,YES
Sales,SalesPerson,4,Bonus,money,,NO
Sales,SalesPerson,5,CommissionPct,smallmoney,,NO
Sales,SalesPerson,6,SalesYTD,money,,NO
Sales,SalesPerson,7,SalesLastYear,money,,NO
Sales,SalesPerson,8,rowguid,uniqueidentifier,,NO
Sales,SalesPerson,9,ModifiedDate,datetime,,NO
Sales,SalesPersonQuotaHistory,1,BusinessEntityID,int,,NO
Sales,SalesPersonQuotaHistory,2,QuotaDate,datetime,,NO
Sales,SalesPersonQuotaHistory,3,SalesQuota,money,,NO
Sales,SalesPersonQuotaHistory,4,rowguid,uniqueidentifier,,NO
Sales,SalesPersonQuotaHistory,5,ModifiedDate,datetime,,NO
Sales,SalesReason,1,SalesReasonID,int,,NO
Sales,SalesReason,2,Name,nvarchar,50.0,NO
Sales,SalesReason,3,ReasonType,nvarchar,50.0,NO
Sales,SalesReason,4,ModifiedDate,datetime,,NO
Sales,SalesTaxRate,1,SalesTaxRateID,int,,NO
Sales,SalesTaxRate,2,StateProvinceID,int,,NO
Sales,SalesTaxRate,3,TaxType,tinyint,,NO
Sales,SalesTaxRate,4,TaxRate,smallmoney,,NO
Sales,SalesTaxRate,5,Name,nvarchar,50.0,NO
Sales,SalesTaxRate,6,rowguid,uniqueidentifier,,NO
Sales,SalesTaxRate,7,ModifiedDate,datetime,,NO
Sales,SalesTerritory,1,TerritoryID,int,,NO
Sales,SalesTerritory,2,Name,nvarchar,50.0,NO
Sales,SalesTerritory,3,CountryRegionCode,nvarchar,3.0,NO
Sales,SalesTerritory,4,Group,nvarchar,50.0,NO
Sales,SalesTerritory,5,SalesYTD,money,,NO
Sales,SalesTerritory,6,SalesLastYear,money,,NO
Sales,SalesTerritory,7,CostYTD,money,,NO
Sales,SalesTerritory,8,CostLastYear,money,,NO
Sales,SalesTerritory,9,rowguid,uniqueidentifier,,NO
Sales,SalesTerritory,10,ModifiedDate,datetime,,NO
Sales,SalesTerritoryHistory,1,BusinessEntityID,int,,NO
Sales,SalesTerritoryHistory,2,TerritoryID,int,,NO
Sales,SalesTerritoryHistory,3,StartDate,datetime,,NO
Sales,SalesTerritoryHistory,4,EndDate,datetime,,YES
Sales,SalesTerritoryHistory,5,rowguid,uniqueidentifier,,NO
Sales,SalesTerritoryHistory,6,ModifiedDate,datetime,,NO
Sales,ShoppingCartItem,1,ShoppingCartItemID,int,,NO
Sales,ShoppingCartItem,2,ShoppingCartID,nvarchar,50.0,NO
Sales,ShoppingCartItem,3,Quantity,int,,NO
Sales,ShoppingCartItem,4,ProductID,int,,NO
Sales,ShoppingCartItem,5,DateCreated,datetime,,NO
Sales,ShoppingCartItem,6,ModifiedDate,datetime,,NO
Sales,SpecialOffer,1,SpecialOfferID,int,,NO
Sales,SpecialOffer,2,Description,nvarchar,255.0,NO
Sales,SpecialOffer,3,DiscountPct,smallmoney,,NO
Sales,SpecialOffer,4,Type,nvarchar,50.0,NO
Sales,SpecialOffer,5,Category,nvarchar,50.0,NO
Sales,SpecialOffer,6,StartDate,datetime,,NO
Sales,SpecialOffer,7,EndDate,datetime,,NO
Sales,SpecialOffer,8,MinQty,int,,NO
Sales,SpecialOffer,9,MaxQty,int,,YES
Sales,SpecialOffer,10,rowguid,uniqueidentifier,,NO
Sales,SpecialOffer,11,ModifiedDate,datetime,,NO
Sales,SpecialOfferProduct,1,SpecialOfferID,int,,NO
Sales,SpecialOfferProduct,2,ProductID,int,,NO
Sales,SpecialOfferProduct,3,rowguid,uniqueidentifier,,NO
Sales,SpecialOfferProduct,4,ModifiedDate,datetime,,NO
Sales,Store,1,BusinessEntityID,int,,NO
Sales,Store,2,Name,nvarchar,50.0,NO
Sales,Store,3,SalesPersonID,int,,YES
Sales,Store,4,Demographics,xml,-1.0,YES
Sales,Store,5,rowguid,uniqueidentifier,,NO
Sales,Store,6,ModifiedDate,datetime,,NO
Sales,vIndividualCustomer,1,BusinessEntityID,int,,NO
Sales,vIndividualCustomer,2,Title,nvarchar,8.0,YES
Sales,vIndividualCustomer,3,FirstName,nvarchar,50.0,NO
Sales,vIndividualCustomer,4,MiddleName,nvarchar,50.0,YES
Sales,vIndividualCustomer,5,LastName,nvarchar,50.0,NO
Sales,vIndividualCustomer,6,Suffix,nvarchar,10.0,YES
Sales,vIndividualCustomer,7,PhoneNumber,nvarchar,25.0,YES
Sales,vIndividualCustomer,8,PhoneNumberType,nvarchar,50.0,YES
Sales,vIndividualCustomer,9,EmailAddress,nvarchar,50.0,YES
Sales,vIndividualCustomer,10,EmailPromotion,int,,NO
Sales,vIndividualCustomer,11,AddressType,nvarchar,50.0,NO
Sales,vIndividualCustomer,12,AddressLine1,nvarchar,60.0,NO
Sales,vIndividualCustomer,13,AddressLine2,nvarchar,60.0,YES
Sales,vIndividualCustomer,14,City,nvarchar,30.0,NO
Sales,vIndividualCustomer,15,StateProvinceName,nvarchar,50.0,NO
Sales,vIndividualCustomer,16,PostalCode,nvarchar,15.0,NO
Sales,vIndividualCustomer,17,CountryRegionName,nvarchar,50.0,NO
Sales,vIndividualCustomer,18,Demographics,xml,-1.0,YES
Sales,vPersonDemographics,1,BusinessEntityID,int,,NO
Sales,vPersonDemographics,2,TotalPurchaseYTD,money,,YES
Sales,vPersonDemographics,3,DateFirstPurchase,datetime,,YES
Sales,vPersonDemographics,4,BirthDate,datetime,,YES
Sales,vPersonDemographics,5,MaritalStatus,nvarchar,1.0,YES
Sales,vPersonDemographics,6,YearlyIncome,nvarchar,30.0,YES
Sales,vPersonDemographics,7,Gender,nvarchar,1.0,YES
Sales,vPersonDemographics,8,TotalChildren,int,,YES
Sales,vPersonDemographics,9,NumberChildrenAtHome,int,,YES
Sales,vPersonDemographics,10,Education,nvarchar,30.0,YES
Sales,vPersonDemographics,11,Occupation,nvarchar,30.0,YES
Sales,vPersonDemographics,12,HomeOwnerFlag,bit,,YES
Sales,vPersonDemographics,13,NumberCarsOwned,int,,YES
Sales,vSalesPerson,1,BusinessEntityID,int,,NO
Sales,vSalesPerson,2,Title,nvarchar,8.0,YES
Sales,vSalesPerson,3,FirstName,nvarchar,50.0,NO
Sales,vSalesPerson,4,MiddleName,nvarchar,50.0,YES
Sales,vSalesPerson,5,LastName,nvarchar,50.0,NO
Sales,vSalesPerson,6,Suffix,nvarchar,10.0,YES
Sales,vSalesPerson,7,JobTitle,nvarchar,50.0,NO
Sales,vSalesPerson,8,PhoneNumber,nvarchar,25.0,YES
Sales,vSalesPerson,9,PhoneNumberType,nvarchar,50.0,YES
Sales,vSalesPerson,10,EmailAddress,nvarchar,50.0,YES
Sales,vSalesPerson,11,EmailPromotion,int,,NO
Sales,vSalesPerson,12,AddressLine1,nvarchar,60.0,NO
Sales,vSalesPerson,13,AddressLine2,nvarchar,60.0,YES
Sales,vSalesPerson,14,City,nvarchar,30.0,NO
Sales,vSalesPerson,15,StateProvinceName,nvarchar,50.0,NO
Sales,vSalesPerson,16,PostalCode,nvarchar,15.0,NO
Sales,vSalesPerson,17,CountryRegionName,nvarchar,50.0,NO
Sales,vSalesPerson,18,TerritoryName,nvarchar,50.0,YES
Sales,vSalesPerson,19,TerritoryGroup,nvarchar,50.0,YES
Sales,vSalesPerson,20,SalesQuota,money,,YES
Sales,vSalesPerson,21,SalesYTD,money,,NO
Sales,vSalesPerson,22,SalesLastYear,money,,NO
Sales,vSalesPersonSalesByFiscalYears,1,SalesPersonID,int,,YES
Sales,vSalesPersonSalesByFiscalYears,2,FullName,nvarchar,152.0,YES
Sales,vSalesPersonSalesByFiscalYears,3,JobTitle,nvarchar,50.0,NO
Sales,vSalesPersonSalesByFiscalYears,4,SalesTerritory,nvarchar,50.0,NO
Sales,vSalesPersonSalesByFiscalYears,5,2002,money,,YES
Sales,vSalesPersonSalesByFiscalYears,6,2003,money,,YES
Sales,vSalesPersonSalesByFiscalYears,7,2004,money,,YES
Sales,vStoreWithAddresses,1,BusinessEntityID,int,,NO
Sales,vStoreWithAddresses,2,Name,nvarchar,50.0,NO
Sales,vStoreWithAddresses,3,AddressType,nvarchar,50.0,NO
Sales,vStoreWithAddresses,4,AddressLine1,nvarchar,60.0,NO
Sales,vStoreWithAddresses,5,AddressLine2,nvarchar,60.0,YES
Sales,vStoreWithAddresses,6,City,nvarchar,30.0,NO
Sales,vStoreWithAddresses,7,StateProvinceName,nvarchar,50.0,NO
Sales,vStoreWithAddresses,8,PostalCode,nvarchar,15.0,NO
Sales,vStoreWithAddresses,9,CountryRegionName,nvarchar,50.0,NO
Sales,vStoreWithContacts,1,BusinessEntityID,int,,NO
Sales,vStoreWithContacts,2,Name,nvarchar,50.0,NO
Sales,vStoreWithContacts,3,ContactType,nvarchar,50.0,NO
Sales,vStoreWithContacts,4,Title,nvarchar,8.0,YES
Sales,vStoreWithContacts,5,FirstName,nvarchar,50.0,NO
Sales,vStoreWithContacts,6,MiddleName,nvarchar,50.0,YES
Sales,vStoreWithContacts,7,LastName,nvarchar,50.0,NO
Sales,vStoreWithContacts,8,Suffix,nvarchar,10.0,YES
Sales,vStoreWithContacts,9,PhoneNumber,nvarchar,25.0,YES
Sales,vStoreWithContacts,10,PhoneNumberType,nvarchar,50.0,YES
Sales,vStoreWithContacts,11,EmailAddress,nvarchar,50.0,YES
Sales,vStoreWithContacts,12,EmailPromotion,int,,NO
Sales,vStoreWithDemographics,1,BusinessEntityID,int,,NO
Sales,vStoreWithDemographics,2,Name,nvarchar,50.0,NO
Sales,vStoreWithDemographics,3,AnnualSales,money,,YES
Sales,vStoreWithDemographics,4,AnnualRevenue,money,,YES
Sales,vStoreWithDemographics,5,BankName,nvarchar,50.0,YES
Sales,vStoreWithDemographics,6,BusinessType,nvarchar,5.0,YES
Sales,vStoreWithDemographics,7,YearOpened,int,,YES
Sales,vStoreWithDemographics,8,Specialty,nvarchar,50.0,YES
Sales,vStoreWithDemographics,9,SquareFeet,int,,YES
Sales,vStoreWithDemographics,10,Brands,nvarchar,30.0,YES
Sales,vStoreWithDemographics,11,Internet,nvarchar,30.0,YES
Sales,vStoreWithDemographics,12,NumberEmployees,int,,YES
