CONSTRAINT_NAME,PARENT_SCHEMA,PARENT_TABLE,PARENT_COLUMN,CHILD_SCHEMA,CHILD_TABLE,CHILD_COLUMN
FK_EmployeeDepartmentHistory_Department_DepartmentID,HumanResources,Department,DepartmentID,HumanResources,EmployeeDepartmentHistory,DepartmentID
FK_Document_Employee_Owner,HumanResources,Employee,BusinessEntityID,Production,Document,Owner
FK_EmployeeDepartmentHistory_Employee_BusinessEntityID,HumanResources,Employee,BusinessEntityID,HumanResources,EmployeeDepartmentHistory,BusinessEntityID
FK_EmployeePayHistory_Employee_BusinessEntityID,HumanResources,Employee,BusinessEntityID,HumanResources,EmployeePayHistory,BusinessEntityID
FK_JobCandidate_Employee_BusinessEntityID,HumanResources,Employee,BusinessEntityID,HumanResources,JobCandidate,BusinessEntityID
FK_PurchaseOrderHeader_Employee_EmployeeID,HumanResources,Employee,BusinessEntityID,Purchasing,PurchaseOrderHeader,EmployeeID
FK_SalesPerson_Employee_BusinessEntityID,HumanResources,Employee,BusinessEntityID,Sales,SalesPerson,BusinessEntityID
FK_EmployeeDepartmentHistory_Shift_ShiftID,HumanResources,Shift,ShiftID,HumanResources,EmployeeDepartmentHistory,ShiftID
FK_BusinessEntityAddress_Address_AddressID,Person,Address,AddressID,Person,BusinessEntityAddress,AddressID
FK_SalesOrderHeader_Address_BillToAddressID,Person,Address,AddressID,Sales,SalesOrderHeader,BillToAddressID
FK_SalesOrderHeader_Address_ShipToAddressID,Person,Address,AddressID,Sales,SalesOrderHeader,ShipToAddressID
FK_BusinessEntityAddress_AddressType_AddressTypeID,Person,AddressType,AddressTypeID,Person,BusinessEntityAddress,AddressTypeID
FK_BusinessEntityAddress_BusinessEntity_BusinessEntityID,Person,BusinessEntity,BusinessEntityID,Person,BusinessEntityAddress,BusinessEntityID
FK_BusinessEntityContact_BusinessEntity_BusinessEntityID,Person,BusinessEntity,BusinessEntityID,Person,BusinessEntityContact,BusinessEntityID
FK_Person_BusinessEntity_BusinessEntityID,Person,BusinessEntity,BusinessEntityID,Person,Person,BusinessEntityID
FK_Store_BusinessEntity_BusinessEntityID,Person,BusinessEntity,BusinessEntityID,Sales,Store,BusinessEntityID
FK_Vendor_BusinessEntity_BusinessEntityID,Person,BusinessEntity,BusinessEntityID,Purchasing,Vendor,BusinessEntityID
FK_BusinessEntityContact_ContactType_ContactTypeID,Person,ContactType,ContactTypeID,Person,BusinessEntityContact,ContactTypeID
FK_CountryRegionCurrency_CountryRegion_CountryRegionCode,Person,CountryRegion,CountryRegionCode,Sales,CountryRegionCurrency,CountryRegionCode
FK_SalesTerritory_CountryRegion_CountryRegionCode,Person,CountryRegion,CountryRegionCode,Sales,SalesTerritory,CountryRegionCode
FK_StateProvince_CountryRegion_CountryRegionCode,Person,CountryRegion,CountryRegionCode,Person,StateProvince,CountryRegionCode
FK_BusinessEntityContact_Person_PersonID,Person,Person,BusinessEntityID,Person,BusinessEntityContact,PersonID
FK_Customer_Person_PersonID,Person,Person,BusinessEntityID,Sales,Customer,PersonID
FK_EmailAddress_Person_BusinessEntityID,Person,Person,BusinessEntityID,Person,EmailAddress,BusinessEntityID
FK_Employee_Person_BusinessEntityID,Person,Person,BusinessEntityID,HumanResources,Employee,BusinessEntityID
FK_Password_Person_BusinessEntityID,Person,Person,BusinessEntityID,Person,Password,BusinessEntityID
FK_PersonCreditCard_Person_BusinessEntityID,Person,Person,BusinessEntityID,Sales,PersonCreditCard,BusinessEntityID
FK_PersonPhone_Person_BusinessEntityID,Person,Person,BusinessEntityID,Person,PersonPhone,BusinessEntityID
FK_PersonPhone_PhoneNumberType_PhoneNumberTypeID,Person,PhoneNumberType,PhoneNumberTypeID,Person,PersonPhone,PhoneNumberTypeID
FK_Address_StateProvince_StateProvinceID,Person,StateProvince,StateProvinceID,Person,Address,StateProvinceID
FK_SalesTaxRate_StateProvince_StateProvinceID,Person,StateProvince,StateProvinceID,Sales,SalesTaxRate,StateProvinceID
FK_ProductModelProductDescriptionCulture_Culture_CultureID,Production,Culture,CultureID,Production,ProductModelProductDescriptionCulture,CultureID
FK_ProductDocument_Document_DocumentNode,Production,Document,DocumentNode,Production,ProductDocument,DocumentNode
FK_ProductModelIllustration_Illustration_IllustrationID,Production,Illustration,IllustrationID,Production,ProductModelIllustration,IllustrationID
FK_ProductInventory_Location_LocationID,Production,Location,LocationID,Production,ProductInventory,LocationID
FK_WorkOrderRouting_Location_LocationID,Production,Location,LocationID,Production,WorkOrderRouting,LocationID
FK_BillOfMaterials_Product_ComponentID,Production,Product,ProductID,Production,BillOfMaterials,ComponentID
FK_BillOfMaterials_Product_ProductAssemblyID,Production,Product,ProductID,Production,BillOfMaterials,ProductAssemblyID
FK_ProductCostHistory_Product_ProductID,Production,Product,ProductID,Production,ProductCostHistory,ProductID
FK_ProductDocument_Product_ProductID,Production,Product,ProductID,Production,ProductDocument,ProductID
FK_ProductInventory_Product_ProductID,Production,Product,ProductID,Production,ProductInventory,ProductID
FK_ProductListPriceHistory_Product_ProductID,Production,Product,ProductID,Production,ProductListPriceHistory,ProductID
FK_ProductProductPhoto_Product_ProductID,Production,Product,ProductID,Production,ProductProductPhoto,ProductID
FK_ProductReview_Product_ProductID,Production,Product,ProductID,Production,ProductReview,ProductID
FK_ProductVendor_Product_ProductID,Production,Product,ProductID,Purchasing,ProductVendor,ProductID
FK_PurchaseOrderDetail_Product_ProductID,Production,Product,ProductID,Purchasing,PurchaseOrderDetail,ProductID
FK_ShoppingCartItem_Product_ProductID,Production,Product,ProductID,Sales,ShoppingCartItem,ProductID
FK_SpecialOfferProduct_Product_ProductID,Production,Product,ProductID,Sales,SpecialOfferProduct,ProductID
FK_TransactionHistory_Product_ProductID,Production,Product,ProductID,Production,TransactionHistory,ProductID
FK_WorkOrder_Product_ProductID,Production,Product,ProductID,Production,WorkOrder,ProductID
FK_ProductSubcategory_ProductCategory_ProductCategoryID,Production,ProductCategory,ProductCategoryID,Production,ProductSubcategory,ProductCategoryID
FK_ProductModelProductDescriptionCulture_ProductDescription_ProductDescriptionID,Production,ProductDescription,ProductDescriptionID,Production,ProductModelProductDescriptionCulture,ProductDescriptionID
FK_Product_ProductModel_ProductModelID,Production,ProductModel,ProductModelID,Production,Product,ProductModelID
FK_ProductModelIllustration_ProductModel_ProductModelID,Production,ProductModel,ProductModelID,Production,ProductModelIllustration,ProductModelID
FK_ProductModelProductDescriptionCulture_ProductModel_ProductModelID,Production,ProductModel,ProductModelID,Production,ProductModelProductDescriptionCulture,ProductModelID
FK_ProductProductPhoto_ProductPhoto_ProductPhotoID,Production,ProductPhoto,ProductPhotoID,Production,ProductProductPhoto,ProductPhotoID
FK_Product_ProductSubcategory_ProductSubcategoryID,Production,ProductSubcategory,ProductSubcategoryID,Production,Product,ProductSubcategoryID
FK_WorkOrder_ScrapReason_ScrapReasonID,Production,ScrapReason,ScrapReasonID,Production,WorkOrder,ScrapReasonID
FK_BillOfMaterials_UnitMeasure_UnitMeasureCode,Production,UnitMeasure,UnitMeasureCode,Production,BillOfMaterials,UnitMeasureCode
FK_Product_UnitMeasure_SizeUnitMeasureCode,Production,UnitMeasure,UnitMeasureCode,Production,Product,SizeUnitMeasureCode
FK_Product_UnitMeasure_WeightUnitMeasureCode,Production,UnitMeasure,UnitMeasureCode,Production,Product,WeightUnitMeasureCode
FK_ProductVendor_UnitMeasure_UnitMeasureCode,Production,UnitMeasure,UnitMeasureCode,Purchasing,ProductVendor,UnitMeasureCode
FK_WorkOrderRouting_WorkOrder_WorkOrderID,Production,WorkOrder,WorkOrderID,Production,WorkOrderRouting,WorkOrderID
FK_PurchaseOrderDetail_PurchaseOrderHeader_PurchaseOrderID,Purchasing,PurchaseOrderHeader,PurchaseOrderID,Purchasing,PurchaseOrderDetail,PurchaseOrderID
FK_PurchaseOrderHeader_ShipMethod_ShipMethodID,Purchasing,ShipMethod,ShipMethodID,Purchasing,PurchaseOrderHeader,ShipMethodID
FK_SalesOrderHeader_ShipMethod_ShipMethodID,Purchasing,ShipMethod,ShipMethodID,Sales,SalesOrderHeader,ShipMethodID
FK_ProductVendor_Vendor_BusinessEntityID,Purchasing,Vendor,BusinessEntityID,Purchasing,ProductVendor,BusinessEntityID
FK_PurchaseOrderHeader_Vendor_VendorID,Purchasing,Vendor,BusinessEntityID,Purchasing,PurchaseOrderHeader,VendorID
FK_PersonCreditCard_CreditCard_CreditCardID,Sales,CreditCard,CreditCardID,Sales,PersonCreditCard,CreditCardID
FK_SalesOrderHeader_CreditCard_CreditCardID,Sales,CreditCard,CreditCardID,Sales,SalesOrderHeader,CreditCardID
FK_CountryRegionCurrency_Currency_CurrencyCode,Sales,Currency,CurrencyCode,Sales,CountryRegionCurrency,CurrencyCode
FK_CurrencyRate_Currency_FromCurrencyCode,Sales,Currency,CurrencyCode,Sales,CurrencyRate,FromCurrencyCode
FK_CurrencyRate_Currency_ToCurrencyCode,Sales,Currency,CurrencyCode,Sales,CurrencyRate,ToCurrencyCode
FK_SalesOrderHeader_CurrencyRate_CurrencyRateID,Sales,CurrencyRate,CurrencyRateID,Sales,SalesOrderHeader,CurrencyRateID
FK_SalesOrderHeader_Customer_CustomerID,Sales,Customer,CustomerID,Sales,SalesOrderHeader,CustomerID
FK_SalesOrderDetail_SalesOrderHeader_SalesOrderID,Sales,SalesOrderHeader,SalesOrderID,Sales,SalesOrderDetail,SalesOrderID
FK_SalesOrderHeaderSalesReason_SalesOrderHeader_SalesOrderID,Sales,SalesOrderHeader,SalesOrderID,Sales,SalesOrderHeaderSalesReason,SalesOrderID
FK_SalesOrderHeader_SalesPerson_SalesPersonID,Sales,SalesPerson,BusinessEntityID,Sales,SalesOrderHeader,SalesPersonID
FK_SalesPersonQuotaHistory_SalesPerson_BusinessEntityID,Sales,SalesPerson,BusinessEntityID,Sales,SalesPersonQuotaHistory,BusinessEntityID
FK_SalesTerritoryHistory_SalesPerson_BusinessEntityID,Sales,SalesPerson,BusinessEntityID,Sales,SalesTerritoryHistory,BusinessEntityID
FK_Store_SalesPerson_SalesPersonID,Sales,SalesPerson,BusinessEntityID,Sales,Store,SalesPersonID
FK_SalesOrderHeaderSalesReason_SalesReason_SalesReasonID,Sales,SalesReason,SalesReasonID,Sales,SalesOrderHeaderSalesReason,SalesReasonID
FK_Customer_SalesTerritory_TerritoryID,Sales,SalesTerritory,TerritoryID,Sales,Customer,TerritoryID
FK_SalesOrderHeader_SalesTerritory_TerritoryID,Sales,SalesTerritory,TerritoryID,Sales,SalesOrderHeader,TerritoryID
FK_SalesPerson_SalesTerritory_TerritoryID,Sales,SalesTerritory,TerritoryID,Sales,SalesPerson,TerritoryID
FK_SalesTerritoryHistory_SalesTerritory_TerritoryID,Sales,SalesTerritory,TerritoryID,Sales,SalesTerritoryHistory,TerritoryID
FK_StateProvince_SalesTerritory_TerritoryID,Sales,SalesTerritory,TerritoryID,Person,StateProvince,TerritoryID
FK_SpecialOfferProduct_SpecialOffer_SpecialOfferID,Sales,SpecialOffer,SpecialOfferID,Sales,SpecialOfferProduct,SpecialOfferID
FK_SalesOrderDetail_SpecialOfferProduct_SpecialOfferIDProductID,Sales,SpecialOfferProduct,SpecialOfferID,Sales,SalesOrderDetail,SpecialOfferID
FK_SalesOrderDetail_SpecialOfferProduct_SpecialOfferIDProductID,Sales,SpecialOfferProduct,ProductID,Sales,SalesOrderDetail,ProductID
FK_Customer_Store_StoreID,Sales,Store,BusinessEntityID,Sales,Customer,StoreID
